Student_ID,Name,Math,Science,English,Total,Average,Grade,Result
101,Alice,85,78,90,253,84.33333333333333,B,Pass
102,Bob,67,72,70,209,69.66666666666667,D,Pass
103,Charlie,95,88,91,274,91.33333333333333,A,Pass
104,David,45,55,50,150,50.0,F,Pass
105,Eva,76,81,79,236,78.66666666666667,C,Pass
106,Frank,59,64,60,183,61.0,D,Pass
107,Grace,92,94,96,282,94.0,A,Pass
108,Helen,70,68,72,210,70.0,C,Pass
109,Ian,88,85,84,257,85.66666666666667,B,Pass
110,Julia,54,49,58,161,53.666666666666664,F,Pass
